DireccionID,Calle,Ciudad,Estado,CP
DIR0001,Austin Track,Lake Craig,Maine,15486
DIR0002,Wendy Parkway,Jessicachester,Rhode Island,62207
DIR0003,Bradley Plain,Amberland,Massachusetts,774
DIR0004,Lyons Rue,South William,West Virginia,36356
DIR0005,Brown Lodge,North Curtisstad,California,93857
DIR0006,James Cape,North Alex,Iowa,71808
DIR0007,Emily Trail,Lake Stacyport,North Carolina,30315
DIR0008,Edwards Park,North Robertbury,New York,93683
DIR0009,Karl Station,Lake Seantown,Minnesota,87622
DIR0010,Jason Extension,South Brianna,North Dakota,79263
DIR0011,Elizabeth Port,North Jasonshire,Arkansas,6799
DIR0012,Linda Row,South Malik,North Dakota,28893
DIR0013,Jason Common,Lake Victor,Arkansas,98127
DIR0014,Green Wall,Martinezside,North Carolina,86738
DIR0015,Duffy Turnpike,Susanton,Tennessee,8585
DIR0016,Robert Shores,Christinaside,New Jersey,23768
DIR0017,Williams Bridge,Karenbury,Iowa,5340
DIR0018,Wallace Gateway,Port Ashlee,Rhode Island,51537
DIR0019,Colon Islands,Reneeville,Vermont,93140
DIR0020,Richard Flats,East Marissamouth,Arizona,61512
DIR0021,York Gardens,Gregorystad,Florida,49836
DIR0022,Riley Route,Murphymouth,Connecticut,63098
DIR0023,Bryan Mill,Lake Jacob,New Hampshire,55536
DIR0024,David Underpass,Thomasview,Rhode Island,68078
DIR0025,White Stravenue,North Eugeneland,Delaware,36912
DIR0026,Edgar Mews,Briggsburgh,Missouri,96337
DIR0027,Tiffany Mill,Romeroport,Kansas,18788
DIR0028,Walters Mills,Lake Tyler,Nevada,18171
DIR0029,Lambert Loaf,Gabrieltown,Delaware,65052
DIR0030,Seth Via,North Bridget,Hawaii,81871
DIR0031,Jonathan Land,Port Juan,Connecticut,13443
DIR0032,Hayley Falls,East Morganborough,California,94912
DIR0033,Tyler Extensions,Dakotaside,Delaware,80639
DIR0034,Campos Streets,Mccoyside,Colorado,4842
DIR0035,Rebecca Square,Lake Seanmouth,Rhode Island,63023
DIR0036,Benjamin Stravenue,Port Christine,Delaware,73871
DIR0037,Ball Junction,Samuelfort,Connecticut,34863
DIR0038,Mata Court,New Benjaminborough,Louisiana,32642
DIR0039,Hill Trace,West Charlesmouth,California,66802
DIR0040,Walton Track,Nicholasstad,North Dakota,17898
DIR0041,Morgan Streets,Brendafurt,North Carolina,82305
DIR0042,Clark Rapids,West Christianmouth,Alabama,99118
DIR0043,Mercado Flats,Lake Gregory,North Carolina,49822
DIR0044,Shelly Greens,Markport,Vermont,85583
DIR0045,Amy Rue,New Nancy,Maryland,30625
DIR0046,Jennifer Causeway,Burnsburgh,Montana,99263
DIR0047,Lee Port,South Angela,California,65262
DIR0048,Hall Field,Maryton,Montana,73614
DIR0049,Tamara Extensions,Port Kyleview,South Carolina,30334
DIR0050,Matthew Fall,Carrville,Connecticut,73394
DIR0051,Vega Ramp,Rosshaven,Alaska,17875
DIR0052,Lynn Coves,South Johnshire,Arkansas,7316
DIR0053,Laurie Village,New Kennethport,New York,59800
DIR0054,Samantha Alley,South Williamburgh,Oklahoma,47078
DIR0055,Gibson Flat,Georgeport,New York,73476
DIR0056,Anthony Meadow,Lake Renee,Oklahoma,61759
DIR0057,Heather Place,Wilsonshire,North Dakota,37351
DIR0058,Delgado Gardens,North Juliaville,Alabama,21694
DIR0059,Kaylee Pass,North Amyport,Alabama,14190
DIR0060,Horne Stream,Port John,Arizona,56179
DIR0061,Kathleen Inlet,Jasonburgh,Washington,40151
DIR0062,Sandoval Vista,Michellechester,Tennessee,11344
DIR0063,Ponce Springs,Kaylafurt,Georgia,45784
DIR0064,Andersen Motorway,New Deanfort,Kansas,6241
DIR0065,Jesus Plain,Ochoaland,Kentucky,8629
DIR0066,Cortez Plaza,South Robertberg,Texas,97174
DIR0067,Turner Mountains,Marthachester,Michigan,17086
DIR0068,Brown Ridge,Amandashire,Indiana,93400
DIR0069,Raymond Stream,South Luisville,Maryland,96875
DIR0070,Robbins Ranch,Kevinfort,Oregon,21209
DIR0071,Charlotte Coves,North Annettechester,South Carolina,83776
DIR0072,Ronald Lock,Kimberlyville,Colorado,6261
DIR0073,Rice Way,Lozanoville,North Dakota,54476
DIR0074,Flores Corner,South Shannonland,Delaware,66635
DIR0075,Wilson Inlet,Denisemouth,Ohio,2827
DIR0076,Jason Groves,Port Jodifort,Arizona,60717
DIR0077,Zachary Rapid,New Michael,Rhode Island,45657
DIR0078,Bailey Locks,West Johnstad,Washington,96698
DIR0079,Robinson Freeway,Bergport,New York,62612
DIR0080,Choi Summit,Estradafort,New York,44136
DIR0081,Sonya Walks,Bishophaven,Connecticut,16468
DIR0082,Robert Fords,Alvaradomouth,Washington,62147
DIR0083,Colleen Key,Hughesside,West Virginia,5443
DIR0084,Ross Mountains,Kylefurt,Wisconsin,55848
DIR0085,Deborah Valley,Anthonyberg,North Carolina,55077
DIR0086,Melissa Skyway,New Dana,Tennessee,19087
DIR0087,Thomas Stream,West Jessica,South Carolina,8379
DIR0088,Meghan Ville,Lake Dana,Minnesota,26197
DIR0089,French Loop,North Traceyport,Maryland,17820
DIR0090,Miller Station,Lake George,Tennessee,16226
DIR0091,Bullock Common,Joshuaburgh,South Dakota,31634
DIR0092,Donaldson Stravenue,Castanedafurt,New Jersey,24475
DIR0093,Chad Ville,Lake Richard,Missouri,42896
DIR0094,Joshua Valley,North Michelemouth,Washington,942
DIR0095,Quinn Manors,Port Davidberg,Massachusetts,27354
DIR0096,Alexandra Place,Joshuashire,Kentucky,83457
DIR0097,Valerie Summit,Stephaniemouth,Ohio,4043
DIR0098,John Mall,Port Jeffrey,Mississippi,65174
DIR0099,Denise Square,Kimberlyport,Idaho,4384
DIR0100,John Light,Martinshire,Tennessee,50799
DIR0101,William Rapid,Shellyville,New Jersey,34367
DIR0102,Nicholas Meadows,Lake Kelly,Delaware,67572
DIR0103,Jonathan Drive,Matthewville,Rhode Island,1724
DIR0104,Christine Path,Port Elizabeth,New Jersey,19374
DIR0105,Perry Squares,West Jessehaven,Oklahoma,35792
DIR0106,Carol Drive,Port Leslieport,Colorado,63033
DIR0107,Donald Bypass,Stevensonton,Rhode Island,64992
DIR0108,Estrada Station,Caroltown,Rhode Island,71223
DIR0109,Dawn Gardens,North Davidberg,Rhode Island,80885
DIR0110,Rachel Inlet,Robinsonstad,West Virginia,27247
DIR0111,Linda Radial,North Tiffany,Montana,19843
DIR0112,Martin Mills,Lake Taylor,New Jersey,46994
DIR0113,Edwards Brooks,Baileyview,Florida,50892
DIR0114,Sharp Street,Mooremouth,West Virginia,62274
DIR0115,John Tunnel,Castillofort,Alaska,38852
DIR0116,Young Squares,Gregoryburgh,Nebraska,79130
DIR0117,Andrew Terrace,South James,Maine,55092
DIR0118,Perry Meadows,South Elizabeth,North Dakota,37148
DIR0119,Nicholas Union,South Annahaven,Georgia,81817
DIR0120,Mary Spur,Garytown,Oregon,88960
DIR0121,Henderson Mountain,New Brandon,North Carolina,27684
DIR0122,Beth Cape,West Michael,Tennessee,14839
DIR0123,Erin Inlet,Joshuamouth,New Hampshire,27306
DIR0124,Lane Divide,Ramirezchester,New York,5001
DIR0125,Troy Prairie,East Adrian,Utah,94922
DIR0126,Jackson Green,New Marissa,Oregon,79181
DIR0127,Jennings Loop,Montoyafurt,Alaska,6013
DIR0128,Cynthia Summit,Johnsonchester,California,71136
DIR0129,Serrano Mill,Chelseaton,New Jersey,49614
DIR0130,Pitts Route,Bushtown,New Hampshire,16914
DIR0131,Patterson Lodge,Youngberg,Massachusetts,81985
DIR0132,Welch Valley,Shannonhaven,Indiana,27083
DIR0133,Danielle Ford,Brandyland,Michigan,38820
DIR0134,Lisa Mountain,Lisachester,Texas,90272
DIR0135,Ashley Radial,Port Kathleen,Missouri,41880
DIR0136,Aguilar Plains,Dianeville,Arkansas,8204
DIR0137,Brown Mountain,Mendozafurt,Nebraska,58056
DIR0138,Andrew Mall,Lake Chelsea,Kentucky,96116
DIR0139,Ward Lane,Jeffreyberg,Massachusetts,82171
DIR0140,Kim Island,Melindaview,Pennsylvania,38493
DIR0141,Wolfe Mountain,Pricestad,Idaho,70114
DIR0142,Hall Squares,West Randallview,Nebraska,87353
DIR0143,Jacob View,Michaelland,Rhode Island,35872
DIR0144,Daniel Passage,Lake Christine,Nevada,37786
DIR0145,Bennett Plaza,Mcgeeborough,Colorado,81542
DIR0146,Megan Mill,South Andre,Illinois,52427
DIR0147,Michael Green,South William,Iowa,45002
DIR0148,Alvarado Corners,Carrollland,Oregon,34575
DIR0149,Thomas Spurs,Robinfurt,Alaska,49042
DIR0150,Edwin Ridge,Mccarthyland,Arizona,90651
